Category,Product Name,Size,Bottles Per Carton,Carton Cost Price (RM),Carton Selling Price (RM),Carton Original Price (RM),Bottle Cost Price (RM),Bottle Selling Price (RM),Bottle Original Price (RM)
Premium Spirits & Liquors,100 PIPERS SCOTCH WHISKY,1L,12,1010.0,1360,2730,84.17,110,230
Premium Spirits & Liquors,ABERFELDY 12Y 40%,1L,6,1355.0,1830,3660,225.83,300,610
Premium Spirits & Liquors,ABERFELDY 12Y 40%,700ML,6,1235.0,1670,3330,205.83,280,560
Premium Spirits & Liquors,ABERFELDY 16Y 40%,700ML,6,2065.0,2790,5580,344.17,460,930
Premium Spirits & Liquors,ABERLOUR 12Y 40% DOUBLE CASK,1L,6,1460.0,1970,3940,243.33,330,660
Premium Spirits & Liquors,ABSOLUT APEACH 40%,1L,12,975.0,1320,2630,81.25,110,220
Premium Spirits & Liquors,ABSOLUT APEACH,750ML,12,955.0,1290,2580,79.58,110,210
Premium Spirits & Liquors,ABSOLUT APPLE 40%,1L,12,975.0,1320,2630,81.25,110,220
Premium Spirits & Liquors,ABSOLUT BLUE,1.14L,6,630.0,850,1700,105.0,140,280
Premium Spirits & Liquors,ABSOLUT BLUE 40%,1L,12,970.0,1310,2620,80.83,110,220
Premium Spirits & Liquors,ABSOLUT BLUE 40%,750ML,12,950.0,1280,2570,79.17,110,210
Premium Spirits & Liquors,ABSOLUT CITRON 40%,1L,12,975.0,1320,2630,81.25,110,220
Premium Spirits & Liquors,ABSOLUT CITRON,750ML,12,955.0,1290,2580,79.58,110,210
Premium Spirits & Liquors,ABSOLUT ELYX 42.3%,1L,6,1055.0,1420,2850,175.83,240,470
Premium Spirits & Liquors,ABSOLUT GRAPE 40%,1L,12,975.0,1320,2630,81.25,110,220
Premium Spirits & Liquors,ABSOLUT KURRANT 40%,1L,12,975.0,1320,2630,81.25,110,220
Premium Spirits & Liquors,ABSOLUT KURRANT,750ML,12,955.0,1290,2580,79.58,110,210
Premium Spirits & Liquors,ABSOLUT LIME 40%,1L,12,975.0,1320,2630,81.25,110,220
Premium Spirits & Liquors,ABSOLUT LIME 40%,75CL,12,955.0,1290,2580,79.58,110,210
Premium Spirits & Liquors,ABSOLUT MANDRIN,1L,12,975.0,1320,2630,81.25,110,220
Premium Spirits & Liquors,ABSOLUT MANDRIN 40%,750ML,12,955.0,1290,2580,79.58,110,210
Premium Spirits & Liquors,ABSOLUT MANGO 40%,1L,12,975.0,1320,2630,81.25,110,220
Premium Spirits & Liquors,ABSOLUT MANGO,750ML,12,955.0,1290,2580,79.58,110,210
Premium Spirits & Liquors,ABSOLUT PEARS 40%,1L,12,975.0,1320,2630,81.25,110,220
Premium Spirits & Liquors,ABSOLUT PEARS,750ML,12,955.0,1290,2580,79.58,110,210
Premium Spirits & Liquors,ABSOLUT PEPPER 40%,1L,12,975.0,1320,2630,81.25,110,220
Premium Spirits & Liquors,ABSOLUT PEPPER,750ML,12,955.0,1290,2580,79.58,110,210
Premium Spirits & Liquors,ABSOLUT RASPBERRI 40%,1L,12,975.0,1320,2630,81.25,110,220
Premium Spirits & Liquors,ABSOLUT RASPBERRY,750ML,12,955.0,1290,2580,79.58,110,210
Premium Spirits & Liquors,ABSOLUT RUBY RED 40%,1L,12,975.0,1320,2630,81.25,110,220
Premium Spirits & Liquors,ABSOLUT RUBY RED,750ML,12,955.0,1290,2580,79.58,110,210
Premium Spirits & Liquors,ABSOLUT VANILLA 40%,1L,12,975.0,1320,2630,81.25,110,220
Premium Spirits & Liquors,ABSOLUT VANILLA,750ML,12,955.0,1290,2580,79.58,110,210
Premium Spirits & Liquors,ABSOLUT WATERMELON 38%,1L,12,975.0,1320,2630,81.25,110,220
Premium Spirits & Liquors,ARDBEG 10Y 46%,1L,6,1410.0,1900,3810,235.0,320,630
Premium Spirits & Liquors,ARDBEG AN OA 46.6%,1L,6,1560.0,2110,4210,260.0,350,700
Premium Spirits & Liquors,ARDMORE TRADITIONAL PEATED 40%,1L,6,980.0,1320,2650,163.33,220,440
Premium Spirits & Liquors,ARDMORE TRIPLEWOOD 46%,1L,6,1270.0,1710,3430,211.67,290,570
Premium Spirits & Liquors,AUCHENTOSHAN 12Y 40%,700ML,6,1140.0,1540,3080,190.0,260,510
Premium Spirits & Liquors,AUCHENTOSHAN 18Y 43%,700ML,6,2130.0,2880,5750,355.0,480,960
Premium Spirits & Liquors,AUCHENTOSHAN 21Y 43%,700ML,6,4080.0,5510,11020,680.0,920,1840
Premium Spirits & Liquors,AUCHENTOSHAN 3 WOOD 43%,700ML,6,1365.0,1840,3690,227.5,310,610
Premium Spirits & Liquors,AUCHENTOSHAN AMERICAN OAK 40%,1L,12,2045.0,2760,5520,170.42,230,460
Premium Spirits & Liquors,AUCHENTOSHAN DARK OAK 43%,1L,12,2030.0,2740,5480,169.17,230,460
Premium Spirits & Liquors,AUCHENTOSHAN HEARTWOOD 43%,1L,12,2080.0,2810,5620,173.33,230,470
Premium Spirits & Liquors,AUCHENTOSHAN SPRINGWOOD,1L,12,2015.0,2720,5440,167.92,230,450
Premium Spirits & Liquors,AULTMORE 12Y 46%,1L,6,1620.0,2190,4370,270.0,360,730
Premium Spirits & Liquors,AULTMORE 12Y 46%,700ML,6,1385.0,1870,3740,230.83,310,620
Premium Spirits & Liquors,BACARDI APPLE 32%,1L,6,685.0,920,1850,114.17,150,310
Premium Spirits & Liquors,BACARDI APPLE 35%,750ML,12,830.0,1120,2240,69.17,90,190
Premium Spirits & Liquors,BACARDI CARTA BLANCA 40%,1L,12,945.0,1280,2550,78.75,110,210
Premium Spirits & Liquors,BACARDI CARTA BLANCA 40%,750ML,12,890.0,1200,2400,74.17,100,200
Premium Spirits & Liquors,BACARDI CARTA NEGRA 40%,1L,12,880.0,1190,2380,73.33,100,200
Premium Spirits & Liquors,BACARDI COCONUT 35%,750ML,12,830.0,1120,2240,69.17,90,190
Premium Spirits & Liquors,BACARDI GOLD (ORO) 40%,1L,12,1070.0,1440,2890,89.17,120,240
Premium Spirits & Liquors,BACARDI GOLD 40%,750ML,12,1040.0,1400,2810,86.67,120,230
Premium Spirits & Liquors,BACARDI LEMON 35%,1L,12,1015.0,1370,2740,84.58,110,230
Premium Spirits & Liquors,BACARDI LEMON 27%,1L,6,610.0,820,1650,101.67,140,270
Premium Spirits & Liquors,BACARDI LIMON 35%,750ML,12,830.0,1120,2240,69.17,90,190
Premium Spirits & Liquors,BACARDI MANGO 35%,750ML,12,830.0,1120,2240,69.17,90,190
Premium Spirits & Liquors,BACARDI MOJITO 14.9%,1L,12,1085.0,1460,2930,90.42,120,240
Premium Spirits & Liquors,BACARDI MOJITO 15%,700ML,6,675.0,910,1820,112.5,150,300
Premium Spirits & Liquors,BACARDI PINEAPPLE 35%,1L,12,1020.0,1380,2750,85.0,110,230
Premium Spirits & Liquors,BACARDI RASPBERRY 35%,1L,12,1020.0,1380,2750,85.0,110,230
Premium Spirits & Liquors,BACARDI RAZZ,750ML,12,845.0,1140,2280,70.42,100,190
Premium Spirits & Liquors,BACARDI SPICED 35%,1L,6,725.0,980,1960,120.83,160,330
Premium Spirits & Liquors,BAILEYS BIRTHDAY CAKE 17%,700ML,12,955.0,1290,2580,79.58,110,210
Premium Spirits & Liquors,BAILEYS ORIGINAL IRISH CREAM 17%,1L,12,1105.0,1490,2980,92.08,120,250
Premium Spirits & Liquors,BAILEYS SALTED CARAMEL 17%,1L,12,1030.0,1390,2780,85.83,120,230
Premium Spirits & Liquors,BAILEYS STRAWBERRIES AND CREAM 17%,700ML,12,955.0,1290,2580,79.58,110,210
Premium Spirits & Liquors,BALLANTINE 15Y,700ML,12,2065.0,2790,5580,172.08,230,460
Premium Spirits & Liquors,BALLANTINE 40%,1.14L,6,620.0,840,1670,103.33,140,280
Premium Spirits & Liquors,BALLANTINE 40%,1L,12,950.0,1280,2570,79.17,110,210
Premium Spirits & Liquors,BALLANTINE 40%,3L,3,950.0,1280,2570,316.67,430,860
Premium Spirits & Liquors,BALLANTINE FINEST 40%,4.5L,2,950.0,1280,2570,475.0,640,1280
Premium Spirits & Liquors,BALLANTINE FINEST TIN PACK,1L,6,655.0,880,1770,109.17,150,290
Premium Spirits & Liquors,BALLANTINES 21Y 40%,700ML,6,2995.0,4040,8090,499.17,670,1350
Premium Spirits & Liquors,BALLANTINES 30Y,700ML,6,5950.0,8030,16070,991.67,1340,2680
Premium Spirits & Liquors,BALLANTINES 40% 12Y,1L,12,1505.0,2030,4060,125.42,170,340
Premium Spirits & Liquors,BALLANTINES 40% 12Y,750ML,12,1215.0,1640,3280,101.25,140,270
Premium Spirits & Liquors,BALLANTINES 40%,750ML,12,895.0,1210,2420,74.58,100,200
Premium Spirits & Liquors,BALVENIE 14Y 43%,700ML,6,2505.0,3380,6760,417.5,560,1130
Premium Spirits & Liquors,BALVENIE 16Y TRIPLE CASK,700ML,6,3970.0,5360,10720,661.67,890,1790
Premium Spirits & Liquors,BALVENIE 19YO BURNHEAD WOOD 48.7%,70CL,6,18170.0,24530,49060,3028.33,4090,8180
Premium Spirits & Liquors,BALVENIE 21Y PORTWOOD 40%,700ML,3,3745.0,5060,10110,1248.33,1690,3370
Premium Spirits & Liquors,BALVENIE CREATION OF A CLASSIC 43%,700ML,6,1610.0,2170,4350,268.33,360,720
Premium Spirits & Liquors,BALVENIE DOUBLE WOOD 12Y 43%,700ML,6,2040.0,2750,5510,340.0,460,920
Premium Spirits & Liquors,BARDINET BRANDY VSOP 40%,1L,12,775.0,1050,2090,64.58,90,170
Premium Spirits & Liquors,BARDINET LIQUEUR CURACAO BLEU,700ML,6,510.0,690,1380,85.0,110,230
Premium Spirits & Liquors,BARDINET XO,1L,6,675.0,910,1820,112.5,150,300
Premium Spirits & Liquors,BEEFEATER 24 GIN 45%,1L,6,820.0,1110,2210,136.67,180,370
Premium Spirits & Liquors,BEEFEATER,750ML,12,905.0,1220,2440,75.42,100,200
Premium Spirits & Liquors,BEEFEATER BLACKBERRY 37.5%,1L,12,1115.0,1510,3010,92.92,130,250
Premium Spirits & Liquors,BEEFEATER BLOOD ORANGE 37.5%,1L,12,1120.0,1510,3020,93.33,130,250
Premium Spirits & Liquors,BEEFEATER GIN,1.14L,6,625.0,840,1690,104.17,140,280
Premium Spirits & Liquors,BEEFEATER GIN 40%,1L,12,1005.0,1360,2710,83.75,110,230
Premium Spirits & Liquors,BEEFEATER PINK GIN,700ML,6,730.0,990,1970,121.67,160,330
Premium Spirits & Liquors,BEEFEATER PINK STRAWBERRY 37.5%,1L,12,1120.0,1510,3020,93.33,130,250
Premium Spirits & Liquors,BEEHIVE VSOP 40%,1L,12,835.0,1130,2250,69.58,90,190
Premium Spirits & Liquors,BEEHIVE XO,1L,12,1020.0,1380,2750,85.0,110,230
Premium Spirits & Liquors,BELVEDERE GRAPE 40%,1L,6,1215.0,1640,3280,202.5,270,550
Premium Spirits & Liquors,BELVEDERE ORGANIC LEMON & BASIL 40%,1L,6,1130.0,1530,3050,188.33,250,510
Premium Spirits & Liquors,BELVEDERE PURE 40%,1L,6,1215.0,1640,3280,202.5,270,550
Premium Spirits & Liquors,BENRIACH QUARTER CASK 46%,1L,6,1485.0,2000,4010,247.5,330,670
Premium Spirits & Liquors,BENRIACH QUARTER CASK PEATED 46%,1L,6,1510.0,2040,4080,251.67,340,680
Premium Spirits & Liquors,BLACK & WHITE 43%,1L,12,945.0,1280,2550,78.75,110,210
Premium Spirits & Liquors,BLACK TOMATO GIN 42.3%,50CL,6,1160.0,1570,3130,193.33,260,520
Premium Spirits & Liquors,BLOOM LEMON & ELDER FLOWER 25%,70CL,6,1170.0,1580,3160,195.0,260,530
Premium Spirits & Liquors,BOLS TRIPLE SEC CURACAO 38%,700ML,6,540.0,730,1460,90.0,120,240
Premium Spirits & Liquors,BOMBAY BRAMBLE GIN 37.5%,1L,6,880.0,1190,2380,146.67,200,400
Premium Spirits & Liquors,BOMBAY SAPPHIRE 40%,700ML,6,605.0,820,1630,100.83,140,270
Premium Spirits & Liquors,BOMBAY SAPPHIRE 47%,1L,12,1135.0,1530,3060,94.58,130,260
Premium Spirits & Liquors,BOMBAY SAPPHIRE 47%,750ML,12,1005.0,1360,2710,83.75,110,230
Premium Spirits & Liquors,BOWMORE 10Y 40%,1L,12,1795.0,2420,4850,149.58,200,400
Premium Spirits & Liquors,BOWMORE 10Y TWIN PACK 40%,1L,3,980.0,1320,2650,326.67,440,880
Premium Spirits & Liquors,BOWMORE 12Y 40%,700ML,6,1020.0,1380,2750,170.0,230,460
Premium Spirits & Liquors,BOWMORE 15Y 43%,1L,6,1700.0,2300,4590,283.33,380,770
Premium Spirits & Liquors,BOWMORE 15Y 43%,700ML,6,1670.0,2250,4510,278.33,380,750
Premium Spirits & Liquors,BOWMORE 18Y 43%,700ML,6,2515.0,3400,6790,419.17,570,1130
Premium Spirits & Liquors,BULLDOG GIN 40%,1L,6,845.0,1140,2280,140.83,190,380
Premium Spirits & Liquors,BULLDOG GIN 40%,750ML,6,765.0,1030,2070,127.5,170,340
Premium Spirits & Liquors,BUSHMILLS ORIGINAL TRIPLE DISTILLED 40%,1L,12,1170.0,1580,3160,97.5,130,260
Premium Spirits & Liquors,BUSHMILLS ORIGINAL TRIPLE DISTILLED 40%,1L,6,688.0,930,1860,114.67,150,310
Premium Spirits & Liquors,BUSHMILLS ORIGINAL TRIPLE DISTILLED 40%,700ML,6,655.0,880,1770,109.17,150,290
Premium Spirits & Liquors,CAMINO TEQUILA GOLD 40%,750ML,12,895.0,1210,2420,74.58,100,200
Premium Spirits & Liquors,CANADIAN CLUB 40%,1L,12,950.0,1280,2570,79.17,110,210
Premium Spirits & Liquors,CANADIAN CLUB 40%,750ML,12,895.0,1210,2420,74.58,100,200
Premium Spirits & Liquors,CAOL ILA 12Y 43%,1L,6,1485.0,2000,4010,247.5,330,670
Premium Spirits & Liquors,CAOL ILA 12Y 43%,750ML,6,1385.0,1870,3740,230.83,310,620
Premium Spirits & Liquors,CAPTAIN MORGAN SPICED GOLD 35%,1L,12,930.0,1260,2510,77.5,100,210
Premium Spirits & Liquors,CARDHU 12Y 40%,700ML,6,1020.0,1380,2750,170.0,230,460
Premium Spirits & Liquors,CARDHU 12Y MALT WHISKY 40%,1L,12,2690.0,3630,7260,224.17,300,610
Premium Spirits & Liquors,CATTOSROSH,1.14L,12,725.0,980,1960,60.42,80,160
Premium Spirits & Liquors,CHAMPAGNE MUMM CORDON ROUGR,750ML,6,1190.0,1610,3210,198.33,270,540
Premium Spirits & Liquors,CHIVAS REGAL 12Y,200ML,24,1120.0,1510,3020,46.67,60,130
Premium Spirits & Liquors,CHIVAS REGAL 12Y 40%,1.14L,6,1015.0,1370,2740,169.17,230,460
Premium Spirits & Liquors,CHIVAS REGAL 12Y 40%,1L,12,1570.0,2120,4240,130.83,180,350
Premium Spirits & Liquors,CHIVAS REGAL 12Y 40%,2L,6,1570.0,2120,4240,261.67,350,710
Premium Spirits & Liquors,CHIVAS REGAL 12Y 40%,4.5L,2,1525.0,2060,4120,762.5,1030,2060
Premium Spirits & Liquors,CHIVAS REGAL 12Y 40%,750ML,12,1440.0,1940,3890,120.0,160,320
Premium Spirits & Liquors,CHIVAS REGAL 12Y GLFR 40% TWIN PACK,1L,12,1685.0,2270,4550,140.42,190,380
Premium Spirits & Liquors,CHIVAS REGAL 12Y LTD EDITION 40%,1L,6,885.0,1190,2390,147.5,200,400
Premium Spirits & Liquors,CHIVAS REGAL 15Y 40%,1L,6,1455.0,1960,3930,242.5,330,650
Premium Spirits & Liquors,CHIVAS REGAL 15Y 40%,750ML,6,1020.0,1380,2750,170.0,230,460
Premium Spirits & Liquors,CHIVAS REGAL 18Y 40%,1L,6,2065.0,2790,5580,344.17,460,930
Premium Spirits & Liquors,CHIVAS REGAL 18Y 40%,750ML,6,1610.0,2170,4350,268.33,360,720
Premium Spirits & Liquors,CHIVAS REGAL 25Y 40%,700ML,3,3070.0,4140,8290,1023.33,1380,2760
Premium Spirits & Liquors,CHIVAS REGAL BROTHERS,1L,12,1745.0,2360,4710,145.42,200,390
Premium Spirits & Liquors,CHIVAS REGAL EXTRA 13Y 40%,1L,6,1130.0,1530,3050,188.33,250,510
Premium Spirits & Liquors,CHIVAS REGAL RUM CASK 13Y 40%,1L,6,1130.0,1530,3050,188.33,250,510
Premium Spirits & Liquors,CHIVAS REGAL SHERRY CASK 13Y 40%,1L,6,1130.0,1530,3050,188.33,250,510
Premium Spirits & Liquors,CHIVAS ROYAL SALUTE 21Y 40%,700ML,6,2875.0,3880,7760,479.17,650,1290
Premium Spirits & Liquors,CHIVAS ROYAL SALUTE 21Y PEATED BLEND 40%,700ML,6,2745.0,3710,7410,457.5,620,1240
Premium Spirits & Liquors,CIROC VODKA 40%,1L,12,1530.0,2070,4130,127.5,170,340
Premium Spirits & Liquors,CITADELLE GIN 44%,1L,6,850.0,1150,2300,141.67,190,380
Premium Spirits & Liquors,CLAN BEN 43%,750ML,12,575.0,780,1550,47.92,60,130
Premium Spirits & Liquors,CLAYMORE,1L,12,780.0,1050,2110,65.0,90,180
Premium Spirits & Liquors,CLYNELISH 14Y 46%,750ML,6,1530.0,2070,4130,255.0,340,690
Premium Spirits & Liquors,COINTREAU 40%,1L,12,1290.0,1740,3480,107.5,150,290
Premium Spirits & Liquors,COINTREAU 40%,700ML,12,990.0,1340,2670,82.5,110,220
Premium Spirits & Liquors,CONNEMARA PEATED 40%,700ML,6,900.0,1220,2430,150.0,200,410
Premium Spirits & Liquors,COPPER DOG BLENDED MALT 40%,1L,6,955.0,1290,2580,159.17,210,430
Premium Spirits & Liquors,COPPERHEAD GIN 40%,500ML,6,1560.0,2110,4210,260.0,350,700
Premium Spirits & Liquors,COURVOISIER VS 40%,1L,12,1675.0,2260,4520,139.58,190,380
Premium Spirits & Liquors,COURVOISIER VS 40%,700ML,12,1445.0,1950,3900,120.42,160,330
Premium Spirits & Liquors,COURVOISIER VS DOUBLE OAK 40%,1L,12,1675.0,2260,4520,139.58,190,380
Premium Spirits & Liquors,COURVOISIER VSOP 40%,700ML,12,1780.0,2400,4810,148.33,200,400
Premium Spirits & Liquors,COURVOISIER VSOP BRANDY,1L,12,2185.0,2950,5900,182.08,250,490
Premium Spirits & Liquors,COURVOISIER VSOP TRIPLE OAK 40%,1L,12,2185.0,2950,5900,182.08,250,490
Premium Spirits & Liquors,COURVOISIER XO 40%,700ML,12,4900.0,6620,13230,408.33,550,1100
Premium Spirits & Liquors,CRAGGANMORE 12Y 40%,700ML,6,1265.0,1710,3420,210.83,280,570
Premium Spirits & Liquors,CUTTY SARK 40%,1.14L,6,615.0,830,1660,102.5,140,280
Premium Spirits & Liquors,CUTTY SARK 40% WHISKY,1.14L,12,1025.0,1380,2770,85.42,120,230
Premium Spirits & Liquors,CUTTY SARK ORIGINAL 40%,1L,12,925.0,1250,2500,77.08,100,210
Premium Spirits & Liquors,CUTTY SARK WHISKY,700ML,12,845.0,1140,2280,70.42,100,190
Premium Spirits & Liquors,DALMORE 12Y 40%,1L,6,1825.0,2460,4930,304.17,410,820
Premium Spirits & Liquors,DALMORE 15Y 40%,1L,6,2680.0,3620,7240,446.67,600,1210
Premium Spirits & Liquors,DALMORE 18Y SINGLE MALT,700ML,6,4845.0,6540,13080,807.5,1090,2180
Premium Spirits & Liquors,DALMORE KING ALEXANDER III,700ML,6,4345.0,5870,11730,724.17,980,1960
Premium Spirits & Liquors,DALMORE QUARTET 41.5%,1L,6,2040.0,2750,5510,340.0,460,920
Premium Spirits & Liquors,DALMORE QUINTET MALT 41.5%,700ML,6,2255.0,3040,6090,375.83,510,1010
Premium Spirits & Liquors,DALMORE TRIO 40%,1L,6,1715.0,2320,4630,285.83,390,770
Premium Spirits & Liquors,DALWHINNIE 15Y 43%,1L,6,1585.0,2140,4280,264.17,360,710
Premium Spirits & Liquors,DALWHINNIE 15Y 43%,750ML,6,1455.0,1960,3930,242.5,330,650
Premium Spirits & Liquors,DANZKA PREMIUM VODKA,1L,12,870.0,1170,2350,72.5,100,200
Premium Spirits & Liquors,DE KUYPER TRIPLE SEC 40%,700ML,6,610.0,820,1650,101.67,140,270
Premium Spirits & Liquors,DEWARS 12Y 40%,1L,6,920.0,1240,2480,153.33,210,410
Premium Spirits & Liquors,DEWARS 12Y 40%,750ML,12,1165.0,1570,3150,97.08,130,260
Premium Spirits & Liquors,DEWARS 15Y 40%,1L,6,1185.0,1600,3200,197.5,270,530
Premium Spirits & Liquors,DEWARS 15Y 40%,750ML,6,1060.0,1430,2860,176.67,240,480
Premium Spirits & Liquors,DEWARS 16Y 40%,1L,6,1310.0,1770,3540,218.33,290,590
Premium Spirits & Liquors,DEWARS 18Y 40%,1L,6,1960.0,2650,5290,326.67,440,880
Premium Spirits & Liquors,DEWARS 18Y 40%,750ML,6,1670.0,2250,4510,278.33,380,750
Premium Spirits & Liquors,DEWARS CARIBBEAN SMOOTH 8Y 40%,750ML,12,1080.0,1460,2920,90.0,120,240
Premium Spirits & Liquors,DEWARS ILEGAL SMOOTH 8Y 40%,750ML,12,1080.0,1460,2920,90.0,120,240
Premium Spirits & Liquors,DEWARS ILEGAL SMOOTH 8Y 40%,750ML,6,643.0,870,1740,107.17,140,290
Premium Spirits & Liquors,DEWARS JAPANESE SMOOTH 8Y 40%,700ML,12,1080.0,1460,2920,90.0,120,240
Premium Spirits & Liquors,DEWARS PORTUGUESE SMOOTH 8Y 40%,750ML,12,1080.0,1460,2920,90.0,120,240
Premium Spirits & Liquors,DEWARS WHITE LABEL 40%,1.14L,12,930.0,1260,2510,77.5,100,210
Premium Spirits & Liquors,DEWARS WHITE LABEL 40%,1L,12,850.0,1150,2300,70.83,100,190
Premium Spirits & Liquors,DEWARS WHITE LABEL 40%,750ML,12,845.0,1140,2280,70.42,100,190
Premium Spirits & Liquors,DIMPLE 15Y 40%,1L,12,1945.0,2630,5250,162.08,220,440
Premium Spirits & Liquors,DIMPLE 15Y,750ML,12,1735.0,2340,4680,144.58,200,390
Premium Spirits & Liquors,DOM BENEDICTINE 40%,1L,12,1560.0,2110,4210,130.0,180,350
Premium Spirits & Liquors,DOM BENEDICTINE 40%,700ML,6,820.0,1110,2210,136.67,180,370
Premium Spirits & Liquors,DOM BENEDICTINE 40%,750ML,12,1440.0,1940,3890,120.0,160,320
Premium Spirits & Liquors,DOM PERIGNON VINTAGE 2013 12.5%,750ML,6,5545.0,7490,14970,924.17,1250,2500
Premium Spirits & Liquors,DON JULIO 1942 38%,750ML,6,6245.0,8430,16860,1040.83,1410,2810
Premium Spirits & Liquors,DON JULIO ANEJO 40%,750ML,6,1190.0,1610,3210,198.33,270,540
Premium Spirits & Liquors,DON JULIO REPOSADO 40%,750ML,6,1180.0,1590,3190,196.67,270,530
Premium Spirits & Liquors,DRAMBUIE,750ML,12,1190.0,1610,3210,99.17,130,270
Premium Spirits & Liquors,EMPERADOR BRANDY,1L,6,625.0,840,1690,104.17,140,280
Premium Spirits & Liquors,FAMOUS GROUSE 40%,1.14L,12,920.0,1240,2480,76.67,100,210
Premium Spirits & Liquors,FAMOUS GROUSE 40%,1L,12,910.0,1230,2460,75.83,100,200
Premium Spirits & Liquors,FAMOUS GROUSE 40%,4.5L,3,1055.0,1420,2850,351.67,470,950
Premium Spirits & Liquors,FAMOUS GROUSE 40%,750ML,12,815.0,1100,2200,67.92,90,180
Premium Spirits & Liquors,FETTERCAIRN 12Y 40% MALT,1L,6,1510.0,2040,4080,251.67,340,680
Premium Spirits & Liquors,FINLANDIA 40%,1L,12,840.0,1130,2270,70.0,90,190
Premium Spirits & Liquors,FREIXENET CORDON NEGRO 11.5%,750ML,6,600.0,810,1620,100.0,140,270
Premium Spirits & Liquors,GALLIANO AUTHENTICO 42.3%,700ML,12,1035.0,1400,2790,86.25,120,230
Premium Spirits & Liquors,GALLIANO AUTHENTICO 42.3%,700ML,6,620.0,840,1670,103.33,140,280
Premium Spirits & Liquors,GIBSON PINK 37.5%,1L,6,880.0,1190,2380,146.67,200,400
Premium Spirits & Liquors,GIBSONS LONDON DRY GIN 37.5%,700ML,6,825.0,1110,2230,137.5,190,370
Premium Spirits & Liquors,GILBEYS GIN 43%,1L,12,985.0,1330,2660,82.08,110,220
Premium Spirits & Liquors,GIN MARE 42.7%,1L,6,1030.0,1390,2780,171.67,230,460
Premium Spirits & Liquors,GLEN DEVERON 16Y 40%,1L,6,1765.0,2380,4770,294.17,400,790
Premium Spirits & Liquors,GLEN ELGIN 12Y 43%,700ML,6,1475.0,1990,3980,245.83,330,660
Premium Spirits & Liquors,GLEN GRANT 10Y 40%,1L,6,1055.0,1420,2850,175.83,240,470
Premium Spirits & Liquors,GLEN GRANT 12Y 48%,1L,6,1180.0,1590,3190,196.67,270,530
Premium Spirits & Liquors,GLEN MORAY CLASSIC 48% WHISKY,1L,6,875.0,1180,2360,145.83,200,390
Premium Spirits & Liquors,GLENDRONACH 10Y 43%,1L,6,1340.0,1810,3620,223.33,300,600
Premium Spirits & Liquors,GLENFARCLAS 12Y 43%,1L,12,2150.0,2900,5810,179.17,240,480
Premium Spirits & Liquors,GLENFIDDICH 12Y 40%,1L,12,2515.0,3400,6790,209.58,280,570
Premium Spirits & Liquors,GLENFIDDICH 15 VAT3 PERPETUAL 50.2%,700ML,12,2605.0,3520,7030,217.08,290,590
Premium Spirits & Liquors,GLENFIDDICH 15Y 40%,1L,12,3255.0,4390,8790,271.25,370,730
Premium Spirits & Liquors,GLENFIDDICH 18 VAT4 PERPETUAL 47.8%,700ML,12,3745.0,5060,10110,312.08,420,840
Premium Spirits & Liquors,GLENFIDDICH 18Y 40%,700ML,12,3895.0,5260,10520,324.58,440,880
Premium Spirits & Liquors,GLENFIDDICH 21Y GRAN RESERVA 43.2%,700ML,3,3095.0,4180,8360,1031.67,1390,2790
Premium Spirits & Liquors,GLENFIDDICH 23Y GRAND CRU 43%,700ML,3,3445.0,4650,9300,1148.33,1550,3100
Premium Spirits & Liquors,GLENFIDDICH 40% 12Y,700ML,12,2140.0,2890,5780,178.33,240,480
Premium Spirits & Liquors,GLENFIDDICH 40% 15Y,700ML,12,2580.0,3480,6970,215.0,290,580
Premium Spirits & Liquors,GLENFIDDICH FIRE & CANE 43%,700ML,6,1560.0,2110,4210,260.0,350,700
Premium Spirits & Liquors,GLENFIDDICH IPA 43%,700ML,6,1595.0,2150,4310,265.83,360,720
Premium Spirits & Liquors,GLENFIDDICH MALT MASTERS 40%,700ML,6,1860.0,2510,5020,310.0,420,840
Premium Spirits & Liquors,GLENFIDDICH PROJECT XX 47%,700ML,6,1670.0,2250,4510,278.33,380,750
Premium Spirits & Liquors,GLENFIDDICH VAT1 PERPETUAL 40%,1L,12,2330.0,3150,6290,194.17,260,520
Premium Spirits & Liquors,GLENFIDDICH VAT1 PERPETUAL 40%,1L,6,2330.0,3150,6290,388.33,520,1050
Premium Spirits & Liquors,GLENFIDDICH VAT2 PERPETUAL 43%,1L,12,2530.0,3420,6830,210.83,280,570
Premium Spirits & Liquors,GLENFIDDICH VINTAGE CASK,700ML,3,1145.0,1550,3090,381.67,520,1030
Premium Spirits & Liquors,GLENKINCHIE 12Y,1L,6,1275.0,1720,3440,212.5,290,570
Premium Spirits & Liquors,GLENKINCHIE 12Y,700ML,6,1210.0,1630,3270,201.67,270,540
Premium Spirits & Liquors,GLENLIVET 12Y 40%,1L,12,2515.0,3400,6790,209.58,280,570
Premium Spirits & Liquors,GLENLIVET 12Y 40%,750ML,12,2130.0,2880,5750,177.5,240,480
Premium Spirits & Liquors,GLENLIVET 12Y 40%,750ML,6,1163.0,1570,3140,193.83,260,520
Premium Spirits & Liquors,GLENLIVET 15Y 40%,700ML,6,1580.0,2130,4270,263.33,360,710
Premium Spirits & Liquors,GLENLIVET 18Y 40%,1L,6,3320.0,4480,8960,553.33,750,1490
Premium Spirits & Liquors,GLENLIVET FOUNDERS RESERVE 40%,1L,12,2115.0,2860,5710,176.25,240,480
Premium Spirits & Liquors,GLENLIVET FOUNDERS RESERVE 40%,700ML,6,1025.0,1380,2770,170.83,230,460
Premium Spirits & Liquors,GLENLIVET FOUNDERS RESERVE 40%,750ML,12,1875.0,2530,5060,156.25,210,420
Premium Spirits & Liquors,GLENLIVET FRENCH OAK 15Y 40%,1L,6,2165.0,2920,5850,360.83,490,970
Premium Spirits & Liquors,GLENLIVET MASTER DISTILLERS 40%,1L,12,2045.0,2760,5520,170.42,230,460
Premium Spirits & Liquors,GLENLIVET MDR II SOLERA VAT 40%,1L,6,1790.0,2420,4830,298.33,400,810
Premium Spirits & Liquors,GLENLIVET NADURRA OLOROSSO 40%,1L,6,1845.0,2490,4980,307.5,420,830
Premium Spirits & Liquors,GLENLIVET NADURRA PEATED 48%,1L,6,1905.0,2570,5140,317.5,430,860
Premium Spirits & Liquors,GLENLIVET TRIPLE CASK 40%,1L,12,2065.0,2790,5580,172.08,230,460
Premium Spirits & Liquors,GLENLIVET TRIPLE CASK MATURED RARE 40%,1L,6,2050.0,2770,5540,341.67,460,920
Premium Spirits & Liquors,GLENLIVET TRIPLE CASK WHITE OAK 40%,1L,6,1415.0,1910,3820,235.83,320,640
Premium Spirits & Liquors,GLENMORANGIE 10Y 40% WHISKY,700ML,6,1020.0,1380,2750,170.0,230,460
Premium Spirits & Liquors,GLENMORANGIE ACCORD 12Y 43%,1L,6,1460.0,1970,3940,243.33,330,660
Premium Spirits & Liquors,GLENMORANGIE DUTHAC,1L,6,1965.0,2650,5310,327.5,440,880
Premium Spirits & Liquors,GLENMORANGIE ELEMENTA 14Y 43%,1L,6,1715.0,2320,4630,285.83,390,770
Premium Spirits & Liquors,GLENMORANGIE INFINITA 18Y 43%,750ML,6,2040.0,2750,5510,340.0,460,920
Premium Spirits & Liquors,GLENMORANGIE ORIGINAL 10Y 40%,1L,6,1345.0,1820,3630,224.17,300,610
Premium Spirits & Liquors,GLENMORANGIE TAYNE,1L,6,1555.0,2100,4200,259.17,350,700
Premium Spirits & Liquors,GLENMORANGIE TRIBUTE 16Y 43%,1L,6,1975.0,2670,5330,329.17,440,890
Premium Spirits & Liquors,GLENMORANGIE VINDIMA 16Y 43%,1L,6,1865.0,2520,5040,310.83,420,840
Premium Spirits & Liquors,GORDON DRY GIN 37.5%,1L,12,890.0,1200,2400,74.17,100,200
Premium Spirits & Liquors,GORDON DRY GIN 37.5%,700ML,12,845.0,1140,2280,70.42,100,190
Premium Spirits & Liquors,GORDON PINK GIN 37.5%,1L,6,590.0,800,1590,98.33,130,270
Premium Spirits & Liquors,GORDONS SICILIAN LEMON 37.5%,1L,12,925.0,1250,2500,77.08,100,210
Premium Spirits & Liquors,GRANTS 40%,1.125L,12,845.0,1140,2280,70.42,100,190
Premium Spirits & Liquors,GRANTS 40%,1.5L,6,685.0,920,1850,114.17,150,310
Premium Spirits & Liquors,GRANTS CARBON 6Y,1L,12,1170.0,1580,3160,97.5,130,260
Premium Spirits & Liquors,GRANTS DISTILLERY EDITION 46.3%,1L,12,1030.0,1390,2780,85.83,120,230
Premium Spirits & Liquors,GRANTS FAMILY RESERVE 40%,1L,12,800.0,1080,2160,66.67,90,180
Premium Spirits & Liquors,GRANTS OXYGEN 8Y,1L,12,1235.0,1670,3330,102.92,140,280
Premium Spirits & Liquors,GRANTS RUM CASK 40%,1L,12,1000.0,1350,2700,83.33,110,230
Premium Spirits & Liquors,GRANTS SHERRY CASK 8Y 40%,1L,12,1060.0,1430,2860,88.33,120,240
Premium Spirits & Liquors,GRANTS SMOKY 40%,1L,12,920.0,1240,2480,76.67,100,210
Premium Spirits & Liquors,GRANTS TRIPLE WOOD 12Y 40%,1L,6,905.0,1220,2440,150.83,200,410
Premium Spirits & Liquors,GRANTS TRIPLE WOOD 40%,1L,12,800.0,1080,2160,66.67,90,180
Premium Spirits & Liquors,GRANTS TRIPLE WOOD 40%,700ML,12,740.0,1000,2000,61.67,80,170
Premium Spirits & Liquors,GREY GOOSE BLUE 40%,1L,6,1010.0,1360,2730,168.33,230,450
Premium Spirits & Liquors,GREY GOOSE BLUE 40%,750ML,12,1560.0,2110,4210,130.0,180,350
Premium Spirits & Liquors,GREY GOOSE BLUE 40%,750ML,6,880.0,1190,2380,146.67,200,400
Premium Spirits & Liquors,GREY GOOSE CITRON,750ML,6,770.0,1040,2080,128.33,170,350
Premium Spirits & Liquors,GREY GOOSE LE CITRON 40%,1L,6,1030.0,1390,2780,171.67,230,460
Premium Spirits & Liquors,GREY GOOSE LE ORANGE 40%,1L,6,1030.0,1390,2780,171.67,230,460
Premium Spirits & Liquors,GREY GOOSE STRAWBERRY & LEMONGRASS 30%,1L,6,1030.0,1390,2780,171.67,230,460
Premium Spirits & Liquors,GREY GOOSE WATERMELON & BASIL 30%,1L,6,1030.0,1390,2780,171.67,230,460
Premium Spirits & Liquors,GREY GOOSE WHITE PEACH & ROSEMARY 30%,1L,6,1030.0,1390,2780,171.67,230,460
Premium Spirits & Liquors,HAIG GOLD LABEL 43%,1L,12,1125.0,1520,3040,93.75,130,250
Premium Spirits & Liquors,HAKUSHU 12Y 43%,700ML,6,3865.0,5220,10440,644.17,870,1740
Premium Spirits & Liquors,HAKUSHU DISTILLERS RESERVE 43%,700ML,6,2365.0,3190,6390,394.17,530,1060
Premium Spirits & Liquors,HENDRICKS 41.4%,700ML,12,1795.0,2420,4850,149.58,200,400
Premium Spirits & Liquors,HENDRICKS 41.4%,700ML,6,995.0,1340,2690,165.83,220,450
Premium Spirits & Liquors,HENDRICKS 44%,1L,12,1975.0,2670,5330,164.58,220,440
Premium Spirits & Liquors,HENDRICKS AMAZONIA 43.4%,1L,12,2080.0,2810,5620,173.33,230,470
Premium Spirits & Liquors,HENNESSY VS 40%,1L,12,2355.0,3180,6360,196.25,260,530
Premium Spirits & Liquors,HENNESSY VS 40%,700ML,12,1975.0,2670,5330,164.58,220,440
Premium Spirits & Liquors,HENNESSY VSOP 40%,1L,12,3540.0,4780,9560,295.0,400,800
Premium Spirits & Liquors,HENNESSY XO 40%,700ML,12,8495.0,11470,22940,707.92,960,1910
Premium Spirits & Liquors,HIBIKI JAPANESE HARMONY 43%,700ML,6,2415.0,3260,6520,402.5,540,1090
Premium Spirits & Liquors,HIBIKI JAPANESE HARMONY MASTERS SELECT,700ML,6,3430.0,4630,9260,571.67,770,1540
Premium Spirits & Liquors,HIGHLAND PARK 12Y 40%,700ML,6,1100.0,1490,2970,183.33,250,500
Premium Spirits & Liquors,HIGHLAND QUEEN 40%,1.13L,12,775.0,1050,2090,64.58,90,170
Premium Spirits & Liquors,HIGHLAND QUEEN 40%,1L,12,745.0,1010,2010,62.08,80,170
Premium Spirits & Liquors,INK BITTER ORANGE GIN 40%,700ML,6,1410.0,1900,3810,235.0,320,630
Premium Spirits & Liquors,INK DRY GIN 40%,700ML,6,1410.0,1900,3810,235.0,320,630
Premium Spirits & Liquors,INK SLOE & BERRY GIN 26%,700ML,6,1410.0,1900,3810,235.0,320,630
Premium Spirits & Liquors,J & B WHISKY 40%,1L,12,1040.0,1400,2810,86.67,120,230
Premium Spirits & Liquors,JACK DANIEL 40%,1L,12,1330.0,1800,3590,110.83,150,300
Premium Spirits & Liquors,JACK DANIEL 40%,750ML,12,1235.0,1670,3330,102.92,140,280
Premium Spirits & Liquors,JACK DANIEL FIRE 35%,1L,12,1320.0,1780,3560,110.0,150,300
Premium Spirits & Liquors,JACK DANIEL GENTLEMAN 40%,1L,6,970.0,1310,2620,161.67,220,440
Premium Spirits & Liquors,JACK DANIEL HONEY 35%,1L,12,1345.0,1820,3630,112.08,150,300
Premium Spirits & Liquors,JACK DANIEL MASTER DISTILLER,1L,12,1400.0,1890,3780,116.67,160,320
Premium Spirits & Liquors,JACK DANIEL RYE,1L,12,1390.0,1880,3750,115.83,160,310
Premium Spirits & Liquors,JACK DANIEL TENNESSEE FIRE 35%,700ML,6,775.0,1050,2090,129.17,170,350
Premium Spirits & Liquors,JACK DANIEL TWIN PACK 40%,1L,12,1330.0,1800,3590,110.83,150,300
Premium Spirits & Liquors,JACK DANIELS APPLE 35%,1L,12,1460.0,1970,3940,121.67,160,330
Premium Spirits & Liquors,JACK DANIELS SINGLE BARREL,75CL,6,995.0,1340,2690,165.83,220,450
Premium Spirits & Liquors,JAGERMEISTER 35%,1L,12,1165.0,1570,3150,97.08,130,260
Premium Spirits & Liquors,JAGERMEISTER 35%,1L,6,685.0,920,1850,114.17,150,310
Premium Spirits & Liquors,JAGERMEISTER 35%,700ML,6,625.0,840,1690,104.17,140,280
Premium Spirits & Liquors,JAGERMEISTER,700ML,12,1045.0,1410,2820,87.08,120,240
Premium Spirits & Liquors,JAGERMEISTER MANIFEST 38%,1L,6,1020.0,1380,2750,170.0,230,460
Premium Spirits & Liquors,JAMESON 40%,1L,12,1240.0,1670,3350,103.33,140,280
Premium Spirits & Liquors,JAMESON 40%,1L,6,720.0,970,1940,120.0,160,320
Premium Spirits & Liquors,JAMESON 40%,700ML,6,675.0,910,1820,112.5,150,300
Premium Spirits & Liquors,JAMESON 40%,750ML,12,1145.0,1550,3090,95.42,130,260
Premium Spirits & Liquors,JAMESON BLACK BARREL 40%,1L,6,1285.0,1730,3470,214.17,290,580
Premium Spirits & Liquors,JAMESON BLACK BARREL 40%,700ML,6,1080.0,1460,2920,180.0,240,490
Premium Spirits & Liquors,JAMESON CASKMATES IPA EDITION 40%,1L,6,1090.0,1470,2940,181.67,250,490
Premium Spirits & Liquors,JAMESON CASKMATES IPA EDITION 40%,700ML,6,990.0,1340,2670,165.0,220,450
Premium Spirits & Liquors,JAMESON CASKMATES OUTLAND 40%,700ML,6,990.0,1340,2670,165.0,220,450
Premium Spirits & Liquors,JAMESON CASKMATES STOUT EDITION 40%,1L,6,1090.0,1470,2940,181.67,250,490
Premium Spirits & Liquors,JAMESON CASKMATES STOUT EDITION 40%,700ML,6,990.0,1340,2670,165.0,220,450
Premium Spirits & Liquors,JAMESON TRIPLE TRIPLE 40%,1L,6,1060.0,1430,2860,176.67,240,480
Premium Spirits & Liquors,JIM BEAM BLACK 43%,700ML,6,695.0,940,1880,115.83,160,310
Premium Spirits & Liquors,JIM BEAM BLACK LABEL 43%,1L,12,1275.0,1720,3440,106.25,140,290
Premium Spirits & Liquors,JIM BEAM HONEY 32.5%,1L,12,1155.0,1560,3120,96.25,130,260
Premium Spirits & Liquors,JIM BEAM WHITE 40%,1L,12,1030.0,1390,2780,85.83,120,230
Premium Spirits & Liquors,JIM BEAM WHITE 40%,750ML,12,885.0,1190,2390,73.75,100,200
Premium Spirits & Liquors,JOSE CUERVO GOLD 40%,1L,12,1115.0,1510,3010,92.92,130,250
Premium Spirits & Liquors,JOSE CUERVO GOLD 40%,750ML,12,1020.0,1380,2750,85.0,110,230
Premium Spirits & Liquors,JOSE CUERVO SILVER 40%,1L,12,1115.0,1510,3010,92.92,130,250
Premium Spirits & Liquors,JOSE CUERVO SILVER,700ML,12,1010.0,1360,2730,84.17,110,230
Premium Spirits & Liquors,JURA 19Y THE PAPS,700ML,6,2005.0,2710,5410,334.17,450,900
Premium Spirits & Liquors,JURA 21Y TIME MALT 46.7%,700ML,6,3195.0,4310,8630,532.5,720,1440
Premium Spirits & Liquors,JURA 40% 10Y,1L,12,1735.0,2340,4680,144.58,200,390
Premium Spirits & Liquors,JURA 40% 16Y,1L,12,2440.0,3290,6590,203.33,270,550
Premium Spirits & Liquors,JURA ISLANDERS EXPRESSIONS 40%,1L,6,1310.0,1770,3540,218.33,290,590
Premium Spirits & Liquors,JURA PROPHECY SINGLE MALT,1L,12,2640.0,3560,7130,220.0,300,590
Premium Spirits & Liquors,JURA SUPERSTITION 43%,1L,12,1930.0,2610,5210,160.83,220,430
Premium Spirits & Liquors,JURA THE BAY 12Y 44%,1L,6,1550.0,2090,4190,258.33,350,700
Premium Spirits & Liquors,JURA THE ROAD MALT 43.6%,1L,6,1585.0,2140,4280,264.17,360,710
Premium Spirits & Liquors,JURA THE SOUND MALT 42.5%,1L,6,1260.0,1700,3400,210.0,280,570
Premium Spirits & Liquors,JURA TURAS MARA SINGLE MALT TRE,1L,12,2060.0,2780,5560,171.67,230,460
Premium Spirits & Liquors,JW & SONS KING GEORGE V 43%,750ML,4,7445.0,10050,20100,1861.25,2510,5030
Premium Spirits & Liquors,JW AGED 18Y 40%,1L,6,1690.0,2280,4560,281.67,380,760
Premium Spirits & Liquors,JW AGED 18Y 40%,750ML,6,1410.0,1900,3810,235.0,320,630
Premium Spirits & Liquors,JW BLACK LABEL (2 HIGHBALL GLASSES) 40%,700ML,6,855.0,1150,2310,142.5,190,380
Premium Spirits & Liquors,JW BLACK LABEL 12Y 40%,1L,12,1510.0,2040,4080,125.83,170,340
Premium Spirits & Liquors,JW BLACK LABEL 12Y 40%,750ML,12,1455.0,1960,3930,121.25,160,330
Premium Spirits & Liquors,JW BLACK LABEL 40%,1.125L,6,1005.0,1360,2710,167.5,230,450
Premium Spirits & Liquors,JW BLACK LABEL 40%,1.75L,6,1385.0,1870,3740,230.83,310,620
Premium Spirits & Liquors,JW BLACK LABEL 40%,375ML,24,1510.0,2040,4080,62.92,80,170
Premium Spirits & Liquors,JW BLACK LABEL 40%,3L,3,1410.0,1900,3810,470.0,630,1270
Premium Spirits & Liquors,JW BLACK LABEL 40%,500ML,12,835.0,1130,2250,69.58,90,190
Premium Spirits & Liquors,JW BLACK LABEL 40%,50ML,192,1390.0,1880,3750,7.24,10,20
Premium Spirits & Liquors,JW BLACK LABEL LOWLANDS ORIGIN 42%,1L,12,1735.0,2340,4680,144.58,200,390
Premium Spirits & Liquors,JW BLACK LABEL SPEYSIDE ORIGIN 42%,1L,12,1735.0,2340,4680,144.58,200,390
Premium Spirits & Liquors,JW BLACK LABEL TRIPLE CASK EDITION 40%,1L,12,1610.0,2170,4350,134.17,180,360
Premium Spirits & Liquors,JW BLACK LABEL+(JW DB 5CL+JW GL 5CL) 750MLx,,6,855.0,1150,2310,142.5,190,380
Premium Spirits & Liquors,JW BLACK SQUID GAMES 40%,750ML,12,1410.0,1900,3810,117.5,160,320
Premium Spirits & Liquors,JW BLUE LABEL 40%,1L,6,4005.0,5410,10810,667.5,900,1800
Premium Spirits & Liquors,JW BLUE LABEL 40%,750ML,6,3540.0,4780,9560,590.0,800,1590
Premium Spirits & Liquors,JW DOUBLE BLACK 40%,1L,12,1680.0,2270,4540,140.0,190,380
Premium Spirits & Liquors,JW DOUBLE BLACK 40%,750ML,6,915.0,1240,2470,152.5,210,410
Premium Spirits & Liquors,JW GOLD LABEL RESERVE 40%,1L,6,1235.0,1670,3330,205.83,280,560
Premium Spirits & Liquors,JW GOLD LABEL RESERVE 40%,200ML,24,950.0,1280,2570,39.58,50,110
Premium Spirits & Liquors,JW GOLD LABEL RESERVE 40%,750ML,6,1120.0,1510,3020,186.67,250,500
Premium Spirits & Liquors,JW ISLAND GREEN LABEL 43%,1L,6,1235.0,1670,3330,205.83,280,560
Premium Spirits & Liquors,JW RED LABEL 40%,1.125L,6,730.0,990,1970,121.67,160,330
Premium Spirits & Liquors,JW RED LABEL 40%,1L,12,1000.0,1350,2700,83.33,110,230
Premium Spirits & Liquors,JW RED LABEL 40%,3L,3,950.0,1280,2570,316.67,430,860
Premium Spirits & Liquors,JW RED LABEL 40%,700ML,12,895.0,1210,2420,74.58,100,200
Premium Spirits & Liquors,JW RED LABEL 40%,750ML,12,930.0,1260,2510,77.5,100,210
Premium Spirits & Liquors,JW RED LABEL,500ML,12,585.0,790,1580,48.75,70,130
Premium Spirits & Liquors,JW SONG OF FIRE 40.8%,1L,12,1680.0,2270,4540,140.0,190,380
Premium Spirits & Liquors,JW SONG OF ICE 40.2%,1L,12,1680.0,2270,4540,140.0,190,380
Premium Spirits & Liquors,JW SWING 40%,750ML,12,1955.0,2640,5280,162.92,220,440
Premium Spirits & Liquors,JW WHITE WALKER 40%,1L,12,1670.0,2250,4510,139.17,190,380
Premium Spirits & Liquors,JW XR 21Y 40%,1L,6,3005.0,4060,8110,500.83,680,1350
Premium Spirits & Liquors,JW XR 21Y 40%,750ML,6,2685.0,3620,7250,447.5,600,1210
Premium Spirits & Liquors,KAHLUA 16%,1L,12,1005.0,1360,2710,83.75,110,230
Premium Spirits & Liquors,KAHLUA,700ML,12,895.0,1210,2420,74.58,100,200
Premium Spirits & Liquors,KING ROBERT GIN 43%,1L,12,665.0,900,1800,55.42,70,150
Premium Spirits & Liquors,KING ROBERT II VODKA 43%,1L,12,665.0,900,1800,55.42,70,150
Premium Spirits & Liquors,KING ROBERT II WHISKY 43%,1L,12,665.0,900,1800,55.42,70,150
Premium Spirits & Liquors,LAGAVULIN 12Y 57.3%,700ML,6,1660.0,2240,4480,276.67,370,750
Premium Spirits & Liquors,LAGAVULIN 16Y 43%,700ML,6,1905.0,2570,5140,317.5,430,860
Premium Spirits & Liquors,LAPHROAIG 10Y 40%,1L,12,2530.0,3420,6830,210.83,280,570
Premium Spirits & Liquors,LAPHROAIG 10Y 43%,750ML,12,2365.0,3190,6390,197.08,270,530
Premium Spirits & Liquors,LAPHROAIG FOUR OAK 40%,1L,12,2060.0,2780,5560,171.67,230,460
Premium Spirits & Liquors,LAPHROAIG QUARTER CASK 48%,1L,12,1855.0,2500,5010,154.58,210,420
Premium Spirits & Liquors,LAPHROAIG QUARTER CASK 48%,700ML,6,1365.0,1840,3690,227.5,310,610
Premium Spirits & Liquors,LAPHROAIG SELECT CASK 40%,700ML,6,985.0,1330,2660,164.17,220,440
Premium Spirits & Liquors,LARIOS GIN 37.5%,700ML,12,745.0,1010,2010,62.08,80,170
Premium Spirits & Liquors,MAKERS MARK BOURBON 45%,1L,12,1530.0,2070,4130,127.5,170,340
Premium Spirits & Liquors,MAKERS MARK ORIGINAL 45%,750ML,12,1335.0,1800,3600,111.25,150,300
Premium Spirits & Liquors,MALIBU 21%,1L,12,955.0,1290,2580,79.58,110,210
Premium Spirits & Liquors,MALIBU 21%,750ML,12,860.0,1160,2320,71.67,100,190
Premium Spirits & Liquors,MARTELL CORDON BLEU 40%,1L,12,10465.0,14130,28260,872.08,1180,2350
Premium Spirits & Liquors,MARTELL NOBLIGE COGNAC 40%,1L,12,3445.0,4650,9300,287.08,390,780
Premium Spirits & Liquors,MARTELL VS COGNAC,1L,12,2300.0,3110,6210,191.67,260,520
Premium Spirits & Liquors,MARTELL VS COGNAC,1L,6,1300.0,1760,3510,216.67,290,590
Premium Spirits & Liquors,MARTELL VSOP 40%,1L,12,3045.0,4110,8220,253.75,340,690
Premium Spirits & Liquors,MARTELL VSOP 40%,3L,4,3245.0,4380,8760,811.25,1100,2190
Premium Spirits & Liquors,MARTELL VSOP COGNAC,700ML,12,2505.0,3380,6760,208.75,280,560
Premium Spirits & Liquors,MARTELL XO 40%,1L,6,5505.0,7430,14860,917.5,1240,2480
Premium Spirits & Liquors,MARTELL XO BRANDY 40%,700ML,12,6370.0,8600,17200,530.83,720,1430
Premium Spirits & Liquors,MARTINI BIANCO 15%,1L,6,525.0,710,1420,87.5,120,240
Premium Spirits & Liquors,MARTINI EXTRA DRY 18%,1L,6,525.0,710,1420,87.5,120,240
Premium Spirits & Liquors,MARTINI ROSSO 15%,1L,6,525.0,710,1420,87.5,120,240
Premium Spirits & Liquors,MIDORI MELON 20%,700ML,12,1115.0,1510,3010,92.92,130,250
Premium Spirits & Liquors,MOET & CHANDON BLANC BRUT IMPERIAL 12%,750ML,6,1485.0,2000,4010,247.5,330,670
Premium Spirits & Liquors,MOET & CHANDON ICE IMPERIAL 12%,750ML,6,1740.0,2350,4700,290.0,390,780
Premium Spirits & Liquors,MOET & CHANDON ROSE BRUT IMPERIAL 12%,750ML,6,1740.0,2350,4700,290.0,390,780
Premium Spirits & Liquors,MONKEY 47 DRY GIN 47%,500ML,6,1330.0,1800,3590,221.67,300,600
Premium Spirits & Liquors,MONKEY 47 SLOE GIN 29%,500ML,6,1330.0,1800,3590,221.67,300,600
Premium Spirits & Liquors,MONKEY SHOULDER 40%,1L,6,1115.0,1510,3010,185.83,250,500
Premium Spirits & Liquors,MONKEY SHOULDER 40%,700ML,6,985.0,1330,2660,164.17,220,440
Premium Spirits & Liquors,MORTLACH 16Y 43.4%,750ML,6,1740.0,2350,4700,290.0,390,780
Premium Spirits & Liquors,MUSGRAVE PINK GIN,75CL,6,1115.0,1510,3010,185.83,250,500
Premium Spirits & Liquors,NAKED MALT 40%,70CL,6,1285.0,1730,3470,214.17,290,580
Premium Spirits & Liquors,NIKKA DAYS WHISKY 40%,700ML,6,1240.0,1670,3350,206.67,280,560
Premium Spirits & Liquors,OBAN 14Y 43%,700ML,6,1435.0,1940,3870,239.17,320,650
Premium Spirits & Liquors,OLD PARR 12Y 40%,1L,12,1610.0,2170,4350,134.17,180,360
Premium Spirits & Liquors,OLD PULTENEY 12Y 40%,700ML,6,1115.0,1510,3010,185.83,250,500
Premium Spirits & Liquors,OLD PULTENEY 15Y 46%,700ML,6,2110.0,2850,5700,351.67,470,950
Premium Spirits & Liquors,OXLEY GIN 47%,1L,6,955.0,1290,2580,159.17,210,430
Premium Spirits & Liquors,PASSPORT 40%,1L,12,925.0,1250,2500,77.08,100,210
Premium Spirits & Liquors,PASSPORT 40%,700ML,12,860.0,1160,2320,71.67,100,190
Premium Spirits & Liquors,PATRON ANEJO TEQUILA 40%,1L,6,1510.0,2040,4080,251.67,340,680
Premium Spirits & Liquors,PATRON REPOSADO TEQUILA 40%,1L,6,1435.0,1940,3870,239.17,320,650
Premium Spirits & Liquors,PIMMS,750ML,12,1005.0,1360,2710,83.75,110,230
Premium Spirits & Liquors,PINNACLE ORIGINAL 40%,750ML,12,670.0,900,1810,55.83,80,150
Premium Spirits & Liquors,RAYNAL VSOP 38%,1L,12,785.0,1060,2120,65.42,90,180
Premium Spirits & Liquors,REMY MARTIN LOUIS XIII,700ML,3,40745.0,55010,110010,13581.67,18340,36670
Premium Spirits & Liquors,REMY MARTIN VSOP 40%,1L,12,3235.0,4370,8730,269.58,360,730
Premium Spirits & Liquors,REMY MARTIN VSOP 40%,700ML,12,2280.0,3080,6160,190.0,260,510
Premium Spirits & Liquors,REMY MARTIN VSOP 40%,700ML,6,1235.0,1670,3330,205.83,280,560
Premium Spirits & Liquors,REMY MARTIN XO,1L,12,8435.0,11390,22770,702.92,950,1900
Premium Spirits & Liquors,REMY MARTIN XO COGNAC,700ML,12,6215.0,8390,16780,517.92,700,1400
Premium Spirits & Liquors,ROKU GIN SAKURA BLOOM EDITION 43%,700ML,6,805.0,1090,2170,134.17,180,360
Premium Spirits & Liquors,ROYAL BRACKLA 12Y 40%,1L,6,1755.0,2370,4740,292.5,390,790
Premium Spirits & Liquors,SAILOR JERRY 40%,1L,12,880.0,1190,2380,73.33,100,200
Premium Spirits & Liquors,SAILOR JERRY 40%,700ML,6,505.0,680,1360,84.17,110,230
Premium Spirits & Liquors,SAMBUCA VACCARI 38%,1L,6,680.0,920,1840,113.33,150,310
Premium Spirits & Liquors,SAMBUCA VACCARI 38%,700ML,6,680.0,920,1840,113.33,150,310
Premium Spirits & Liquors,SAUZA BLANC 40%,700ML,6,605.0,820,1630,100.83,140,270
Premium Spirits & Liquors,SAUZA EXTRA GOLD TEQUILA 38%,1L,6,740.0,1000,2000,123.33,170,330
Premium Spirits & Liquors,SAUZA GOLD 38%,700ML,6,615.0,830,1660,102.5,140,280
Premium Spirits & Liquors,SAUZA SILVER 38%,700ML,6,605.0,820,1630,100.83,140,270
Premium Spirits & Liquors,SAUZA TEQUILA SILVER 38%,1L,6,675.0,910,1820,112.5,150,300
Premium Spirits & Liquors,SINGLETON CLASSIC 40%,1L,6,1235.0,1670,3330,205.83,280,560
Premium Spirits & Liquors,SINGLETON DOUBLE MATURED,1L,6,1600.0,2160,4320,266.67,360,720
Premium Spirits & Liquors,SINGLETON DUFFTOWN 12Y 40%,700ML,6,960.0,1300,2590,160.0,220,430
Premium Spirits & Liquors,SINGLETON DUFFTOWN 15Y 40%,700ML,6,1360.0,1840,3670,226.67,310,610
Premium Spirits & Liquors,SINGLETON DUFFTOWN 18Y 40%,700ML,6,2065.0,2790,5580,344.17,460,930
Premium Spirits & Liquors,SINGLETON GLENDULLAN 12Y 40%,1L,6,1235.0,1670,3330,205.83,280,560
Premium Spirits & Liquors,SINGLETON GLENDULLAN 15Y 40%,1L,6,1615.0,2180,4360,269.17,360,730
Premium Spirits & Liquors,SINGLETON GLENDULLAN 18Y 40%,1L,6,2425.0,3270,6550,404.17,550,1090
Premium Spirits & Liquors,SINGLETON MALT MASTER 40%,700ML,6,895.0,1210,2420,149.17,200,400
Premium Spirits & Liquors,SINGLETON MASTERS ART,1L,6,2425.0,3270,6550,404.17,550,1090
Premium Spirits & Liquors,SINGLETON OF GLENDULLAN MULTIBRAND 40%,1L,6,1260.0,1700,3400,210.0,280,570
Premium Spirits & Liquors,SIPSMITH GIN 44.1%,1L,6,1025.0,1380,2770,170.83,230,460
Premium Spirits & Liquors,SIPSMITH LONDON DRY GIN 41.6%,700ML,6,820.0,1110,2210,136.67,180,370
Premium Spirits & Liquors,SIPSMITH SLOE GIN 29%,500ML,6,1005.0,1360,2710,167.5,230,450
Premium Spirits & Liquors,SIR EDWARDS 40%,1L,12,655.0,880,1770,54.58,70,150
Premium Spirits & Liquors,SKYY VODKA 40%,1L,12,835.0,1130,2250,69.58,90,190
Premium Spirits & Liquors,SMIRNOFF BLACK 40%,1L,12,915.0,1240,2470,76.25,100,210
Premium Spirits & Liquors,SMIRNOFF BLUE 50%,1L,12,945.0,1280,2550,78.75,110,210
Premium Spirits & Liquors,SMIRNOFF BLUE 50%,500ML,24,945.0,1280,2550,39.38,50,110
Premium Spirits & Liquors,SMIRNOFF CITRUS 37.5%,1L,12,935.0,1260,2520,77.92,110,210
Premium Spirits & Liquors,SMIRNOFF GREEN APPLE 37.5%,1L,12,935.0,1260,2520,77.92,110,210
Premium Spirits & Liquors,SMIRNOFF LIME,1L,12,935.0,1260,2520,77.92,110,210
Premium Spirits & Liquors,SMIRNOFF ORANGE 37.5%,1L,12,935.0,1260,2520,77.92,110,210
Premium Spirits & Liquors,SMIRNOFF RASPBERRY 37.5%,1L,12,935.0,1260,2520,77.92,110,210
Premium Spirits & Liquors,SMIRNOFF RED 37.5%,1L,12,890.0,1200,2400,74.17,100,200
Premium Spirits & Liquors,SMIRNOFF RED 37.5%,700ML,12,835.0,1130,2250,69.58,90,190
Premium Spirits & Liquors,SMIRNOFF RED 40%,375ML,24,835.0,1130,2250,34.79,50,90
Premium Spirits & Liquors,SMIRNOFF RED 40%,500ML,24,890.0,1200,2400,37.08,50,100
Premium Spirits & Liquors,SMIRNOFF SILVER,1L,12,935.0,1260,2520,77.92,110,210
Premium Spirits & Liquors,SMIRNOFF VANILLA,1L,12,935.0,1260,2520,77.92,110,210
Premium Spirits & Liquors,SOUTHERN COMFORT 35%,1L,12,880.0,1190,2380,73.33,100,200
Premium Spirits & Liquors,ST REMY AUTHENTIC VSOP 40%,1L,12,950.0,1280,2570,79.17,110,210
Premium Spirits & Liquors,ST REMY AUTHENTIC VSOP 40%,700ML,12,835.0,1130,2250,69.58,90,190
Premium Spirits & Liquors,ST REMY AUTHENTIC XO,1L,12,1255.0,1690,3390,104.58,140,280
Premium Spirits & Liquors,ST REMY AUTHENTIC XO,70CL,12,1005.0,1360,2710,83.75,110,230
Premium Spirits & Liquors,ST REMY NAPOLEON 40%,1L,12,910.0,1230,2460,75.83,100,200
Premium Spirits & Liquors,ST REMY RESERVE PRIVEE,1L,12,1265.0,1710,3420,105.42,140,280
Premium Spirits & Liquors,STOLICHANIYA 40%,1L,12,835.0,1130,2250,69.58,90,190
Premium Spirits & Liquors,SUNTORY CHITA WHISKY 43%,700ML,6,1015.0,1370,2740,169.17,230,460
Premium Spirits & Liquors,SUNTORY HAKU VODKA 40%,700ML,6,815.0,1100,2200,135.83,180,370
Premium Spirits & Liquors,SUNTORY KAKUBIN WHISKY 40%,700ML,12,1215.0,1640,3280,101.25,140,270
Premium Spirits & Liquors,SUNTORY ROKU GIN 43%,1L,6,935.0,1260,2520,155.83,210,420
Premium Spirits & Liquors,SUNTORY ROKU GIN 43%,700ML,6,675.0,910,1820,112.5,150,300
Premium Spirits & Liquors,SUNTORY SUI GIN 40%,700ML,12,960.0,1300,2590,80.0,110,220
Premium Spirits & Liquors,SUNTORY TOKI WHISKY 43%,1L,6,1170.0,1580,3160,195.0,260,530
Premium Spirits & Liquors,SUNTORY TOKI WHISKY 43%,700ML,6,1095.0,1480,2960,182.5,250,490
Premium Spirits & Liquors,TALISKER 10Y 45.8%,750ML,6,1235.0,1670,3330,205.83,280,560
Premium Spirits & Liquors,TALISKER MULTIBRAND 45.8%,1L,3,1435.0,1940,3870,478.33,650,1290
Premium Spirits & Liquors,TALISKER MULTIBRAND,50ML,24,890.0,1200,2400,37.08,50,100
Premium Spirits & Liquors,TANQUERAY DRY GIN 47.3%,1L,12,1165.0,1570,3150,97.08,130,260
Premium Spirits & Liquors,TANQUERAY FLOR DE SEVILLA GIN 41.3%,1L,12,1275.0,1720,3440,106.25,140,290
Premium Spirits & Liquors,TANQUERAY MALACCA 41.3%,1L,12,1375.0,1860,3710,114.58,150,310
Premium Spirits & Liquors,TANQUERAY RANGPUR 41.3%,1L,12,1390.0,1880,3750,115.83,160,310
Premium Spirits & Liquors,TANQUERAY TEN GIN 47.3%,1L,12,1610.0,2170,4350,134.17,180,360
Premium Spirits & Liquors,TEACHERS,1.14L,12,890.0,1200,2400,74.17,100,200
Premium Spirits & Liquors,TEACHERS 40%,1.14L,6,550.0,740,1490,91.67,120,250
Premium Spirits & Liquors,TEACHERS 40%,1L,12,860.0,1160,2320,71.67,100,190
Premium Spirits & Liquors,TEACHERS 40%,700ML,12,760.0,1030,2050,63.33,90,170
Premium Spirits & Liquors,TEELING SINGLE GRAIN 46%,1L,6,1310.0,1770,3540,218.33,290,590
Premium Spirits & Liquors,TEELING SMALL BATCH 46%,1L,6,1175.0,1590,3170,195.83,260,530
Premium Spirits & Liquors,THE BOTANIST GIN 46%,1L,12,1950.0,2630,5270,162.5,220,440
Premium Spirits & Liquors,THE BOTANIST GIN 46%,700ML,6,1020.0,1380,2750,170.0,230,460
Premium Spirits & Liquors,THE LONDON NO.1 GIN 47%,1L,6,985.0,1330,2660,164.17,220,440
Premium Spirits & Liquors,TOMATIN 12Y 43%,1L,6,1285.0,1730,3470,214.17,290,580
Premium Spirits & Liquors,TOMATIN 12Y 43%,700ML,6,1155.0,1560,3120,192.5,260,520
Premium Spirits & Liquors,TULLAMORE DEW 40%,1L,6,840.0,1130,2270,140.0,190,380
Premium Spirits & Liquors,TULLAMORE DEW 40%,700ML,12,1280.0,1730,3460,106.67,140,290
Premium Spirits & Liquors,TULLAMORE DEW 40%,700ML,6,740.0,1000,2000,123.33,170,330
Premium Spirits & Liquors,VAT 69 40%,1L,12,835.0,1130,2250,69.58,90,190
Premium Spirits & Liquors,WHITLEY NEILL ALOE & CUCUMBER 43%,700ML,6,805.0,1090,2170,134.17,180,360
Premium Spirits & Liquors,WHITLEY NEILL BLACKBERRY 43%,1L,6,905.0,1220,2440,150.83,200,410
Premium Spirits & Liquors,WHITLEY NEILL BLACKBERRY 43%,700ML,6,805.0,1090,2170,134.17,180,360
Premium Spirits & Liquors,WHITLEY NEILL BLOOD ORANGE 43%,700ML,6,805.0,1090,2170,134.17,180,360
Premium Spirits & Liquors,WHITLEY NEILL BRAZILIAN LIME 43%,700ML,6,805.0,1090,2170,134.17,180,360
Premium Spirits & Liquors,WHITLEY NEILL MANGO & LIME 43%,700ML,6,805.0,1090,2170,134.17,180,360
Premium Spirits & Liquors,WHITLEY NEILL ORIGINAL 43%,1L,6,905.0,1220,2440,150.83,200,410
Premium Spirits & Liquors,WHITLEY NEILL PINK GRAPEFRUIT 43%,700ML,6,805.0,1090,2170,134.17,180,360
Premium Spirits & Liquors,WHITLEY NEILL RASPBERRY 43%,700ML,6,805.0,1090,2170,134.17,180,360
Premium Spirits & Liquors,WHITLEY NEILL RHUBARB & GINGER 43%,1L,6,905.0,1220,2440,150.83,200,410
Premium Spirits & Liquors,WHITLEY NEILL RHUBARB & GINGER 43%,700ML,6,805.0,1090,2170,134.17,180,360
Premium Spirits & Liquors,WHITLEY NEILL WATERMELON & KIWI 43%,700ML,6,805.0,1090,2170,134.17,180,360
Premium Spirits & Liquors,WHYTE & MACKAY 40%,1.14L,12,905.0,1220,2440,75.42,100,200
Premium Spirits & Liquors,WHYTE & MACKAY 40%,1.14L,6,555.0,750,1500,92.5,120,250
Premium Spirits & Liquors,WHYTE & MACKAY 40%,1L,12,820.0,1110,2210,68.33,90,180
Premium Spirits & Liquors,WHYTE & MACKAY TRIPLE MATURED 40%,1L,12,825.0,1110,2230,68.75,90,190
Premium Spirits & Liquors,WILLIAM LAWSONS FINEST 40%,1L,12,890.0,1200,2400,74.17,100,200
Premium Spirits & Liquors,WOODFORD RESERVE 43.2%,1L,6,1105.0,1490,2980,184.17,250,500
Premium Spirits & Liquors,YAMAZAKI 12Y 43%,700ML,6,3965.0,5350,10710,660.83,890,1780
Premium Spirits & Liquors,YAMAZAKI DISTILLERS RESERVE 43%,700ML,6,3530.0,4770,9530,588.33,790,1590
Wine,BARON D AGRINAC BLANC,75CL,6,475.0,640,1280,79.17,110,210
Wine,BARON D ARIGNAC RED 11%,750ML,6,475.0,640,1280,79.17,110,210
Wine,CALVET CONVERSATION BORDEAUX RED 13%,750ML,6,545.0,740,1470,90.83,120,250
Wine,CASILLERO DEL DIABLO MERLOT RED 13.5%,750ML,6,555.0,750,1500,92.5,120,250
Wine,CASILLERO DEL DIABLO SHIRAZ RED 13.5%,750ML,6,545.0,740,1470,90.83,120,250
Wine,GANCIA VINO ROSSO MEDIUM DRY 11.5%,750ML,6,455.0,610,1230,75.83,100,200
Wine,GRAND SUD GRENACHE LIEBLICH IGP WINE 13%,1L,6,475.0,640,1280,79.17,110,210
Wine,JACOBS CREEK CHARDONNAY PINOT NOIR,750ML,6,675.0,910,1820,112.5,150,300
Wine,JACOBS CREEK CHARDONNAY WINE 12.8%,750ML,12,675.0,910,1820,56.25,80,150
Wine,JACOBS CREEK CHARDONNAY WINE 12.5%,750ML,6,440.0,590,1190,73.33,100,200
Wine,JACOBS CREEK MOSCATO WHITE 7.5%,750ML,6,440.0,590,1190,73.33,100,200
Wine,JACOBS CREEK MERLO WINE 13.9%,750ML,12,705.0,950,1900,58.75,80,160
Wine,JACOBS CREEK MERLOT WINE 14%,750ML,6,455.0,610,1230,75.83,100,200
Wine,JACOBS CREEK PINOT GRIGIO,750ML,12,715.0,970,1930,59.58,80,160
Wine,JACOBS CREEK PINOT GRIGIO,750ML,6,460.0,620,1240,76.67,100,210
Wine,JACOBS CREEK RESERVE SHIRAZ BAROSSA,750ML,6,715.0,970,1930,119.17,160,320
Wine,JACOBS CREEK SAUVIGNON BLANC,750ML,12,715.0,970,1930,59.58,80,160
Wine,JACOBS CREEK SHIRAZ CAB WINE 13.9%,750ML,12,715.0,970,1930,59.58,80,160
Wine,JACOBS CREEK SHIRAZ GRENACHE,750ML,6,460.0,620,1240,76.67,100,210
Wine,JACOBS CREEK SHIRAZ ROSE 11.5%,750ML,12,715.0,970,1930,59.58,80,160
Wine,JACOBS CREEK SHIRAZ ROSE,750ML,6,460.0,620,1240,76.67,100,210
Wine,JACOBS CREEK SHIRAZ WINE 13.9%,750ML,12,720.0,970,1940,60.0,80,160
Wine,JACOBS CREEK SPARKLING ROSE 14.5%,750ML,6,655.0,880,1770,109.17,150,290
Wine,JP CHENET CAB SYRAH ROUGE 13%,750ML,6,525.0,710,1420,87.5,120,240
Wine,JP CHENET MERLOT 13.5%,750ML,6,520.0,700,1400,86.67,120,230
Wine,JP CHENET ORIGINAL CAB-SAUV 13.5%,750ML,6,530.0,720,1430,88.33,120,240
Wine,JP CHENET SHIRAZ 13.5%,750ML,6,525.0,710,1420,87.5,120,240
Wine,JP CHENET RESERVE PINOT NOIR 12.5%,750ML,6,515.0,700,1390,85.83,120,230
Wine,LA BAUME PINOT NOIR ROSE,750ML,6,535.0,720,1440,89.17,120,240
Wine,LAGARADA CABERNET SCREW 12%,750ML,6,455.0,610,1230,75.83,100,200
Wine,LAGARADA MERLOT SCREW 12%,750ML,6,455.0,610,1230,75.83,100,200
Wine,LAGARADA ROSE 11%,750ML,6,455.0,610,1230,75.83,100,200
Wine,LAGARADA SHIRAZ SCREW 12%,750ML,6,455.0,610,1230,75.83,100,200
Wine,LINDEMANS BIN 40 MERLOT 14%,750ML,6,570.0,770,1540,95.0,130,260
Wine,LINDEMANS BIN 45 CAERNET SAUVIG 14%,750ML,6,570.0,770,1540,95.0,130,260
Wine,LOUIS ESCHENAUER BORDEAUX MERLOT 12.5%,750ML,6,450.0,610,1220,75.0,100,200
Wine,MARQUIS D OREY PRESTIGE ROUGE 11%,750ML,6,525.0,710,1420,87.5,120,240
Wine,MATEUS ROSE 11%,1L,6,555.0,750,1500,92.5,120,250
Wine,MONTMEYRAC RED 12%,750ML,6,505.0,680,1360,84.17,110,230
Wine,PENFOLDS KOONUNGA HILL SHIRAZ CAB 14.5%,75CL,12,1055.0,1420,2850,87.92,120,240
Wine,PENFOLDS KOONUNGA HILL CHARDONNY 13%,750ML,6,630.0,850,1700,105.0,140,280
Wine,PENFOLDS KOONUNGA HILL SHIRAZ 14%,750ML,6,630.0,850,1700,105.0,140,280
Wine,PRESTIGIUM ROUGE DRY WINE 11%,750ML,6,400.0,540,1080,66.67,90,180
Wine,TWO OCEANS CABERNET MERLOT 13.5%,750ML,6,505.0,680,1360,84.17,110,230
Wine,TWO OCEANS SAUVIGNON BLANC 12.5%,750ML,6,505.0,680,1360,84.17,110,230
Wine,TWO OCEANS SHIRAZ 13.5%,750ML,6,505.0,680,1360,84.17,110,230
Wine,GANCIA VINO ROSATO MEDIUM SWEET 11.5%,750ML,6,465.0,630,1260,77.5,100,210
Wine,WOLF BLASS EAGLE HAWK CAB SAUV 13%,750ML,6,525.0,710,1420,87.5,120,240
Wine,WOLF BLASS EAGLEHAWK CHARDONNAY 13%,750ML,6,520.0,700,1400,86.67,120,230
Wine,WOLF BLASS EAGLEHAWK MERLOT 13%,750ML,6,520.0,700,1400,86.67,120,230
Wine,WOLF BLASS EAGLEHAWK SHIRAZ 14%,750ML,6,520.0,700,1400,86.67,120,230
Indian Liquors,1848 PREMIUM XO BRANDY 40%,180ML,48,587.0,790,1580,12.23,20,30
Indian Liquors,1848 PREMIUM XO BRANDY 40%,375ML,24,587.0,790,1580,24.46,30,70
Indian Liquors,1848 PREMIUM XO BRANDY 40%,750ML,12,587.0,790,1580,48.92,70,130
Indian Liquors,1848 SUPERIOR MALT WHISKY 40%,180ML,48,605.0,820,1630,12.6,20,30
Indian Liquors,1848 SUPERIOR MALT WHISKY 40%,375ML,24,605.0,820,1630,25.21,30,70
Indian Liquors,1848 SUPERIOR MALT WHISKY 40%,750ML,12,605.0,820,1630,50.42,70,140
Indian Liquors,8PM RARE BLEND OF INDIAN WHISKY 42.8%,180ML,48,510.0,690,1380,10.62,10,30
Indian Liquors,8PM RARE BLEND OF INDIAN WHISKY 42.8%,375ML,24,515.0,700,1390,21.46,30,60
Indian Liquors,8PM RARE BLEND OF INDIAN WHISKY 42.8%,750ML,12,525.0,710,1420,43.75,60,120
Indian Liquors,BAGPIPER WHISKY 42.8%,750ML,12,515.0,700,1390,42.92,60,120
Indian Liquors,BLENDERS PRIDE 42.8%,180ML,48,605.0,820,1630,12.6,20,30
Indian Liquors,BLENDERS PRIDE 42.8%,375ML,24,605.0,820,1630,25.21,30,70
Indian Liquors,BLENDERS PRIDE 42.8%,750ML,12,595.0,800,1610,49.58,70,130
Indian Liquors,BRITISH EMPIRE BRANDY 40%,180ML,48,595.0,800,1610,12.4,20,30
Indian Liquors,BRITISH EMPIRE BRANDY 40%,375ML,24,595.0,800,1610,24.79,30,70
Indian Liquors,BRITISH EMPIRE BRANDY 40%,750ML,12,595.0,800,1610,49.58,70,130
Indian Liquors,DIRECTOR SPECIAL BLACK 42.8%,750ML,12,505.0,680,1360,42.08,60,110
Indian Liquors,HONEY BEE BRANDY 42.8%,180ML,48,505.0,680,1360,10.52,10,30
Indian Liquors,HONEY BEE BRANDY 42.8%,375ML,24,505.0,680,1360,21.04,30,60
Indian Liquors,HONEY BEE BRANDY 42.8%,750ML,12,505.0,680,1360,42.08,60,110
Indian Liquors,IMPERIAL BLUE 42.8%,180ML,48,510.0,690,1380,10.62,10,30
Indian Liquors,IMPERIAL BLUE 42.8%,375ML,24,510.0,690,1380,21.25,30,60
Indian Liquors,IMPERIAL BLUE 42.8%,750ML,12,510.0,690,1380,42.5,60,110
Indian Liquors,IMPERIAL BLUE 42.8%,1L,12,570.0,770,1540,47.5,60,130
Indian Liquors,KYRON BRANDY 42.8%,180ML,48,560.0,760,1510,11.67,20,30
Indian Liquors,KYRON BRANDY 42.8%,375ML,24,560.0,760,1510,23.33,30,60
Indian Liquors,KYRON BRANDY 42.8%,750ML,12,560.0,760,1510,46.67,60,130
Indian Liquors,MCDOWELL BLUE GIN 40%,750ML,12,500.0,680,1350,41.67,60,110
Indian Liquors,MCDOWELL CELEBRATION RUM 42.8%,180ML,48,505.0,680,1360,10.52,10,30
Indian Liquors,MCDOWELL CELEBRATION RUM 42.8%,375ML,24,505.0,680,1360,21.04,30,60
Indian Liquors,MCDOWELL CELEBRATION RUM 42.8%,750ML,12,505.0,680,1360,42.08,60,110
Indian Liquors,MCDOWELL NO 1 BRANDY 42.8%,180ML,48,510.0,690,1380,10.62,10,30
Indian Liquors,MCDOWELL NO 1 BRANDY 42.8%,375ML,24,510.0,690,1380,21.25,30,60
Indian Liquors,MCDOWELL NO 1 BRANDY 42.8%,750ML,12,510.0,690,1380,42.5,60,110
Indian Liquors,MCDOWELL NO1 WHISKY 42.8%,180ML,48,510.0,690,1380,10.62,10,30
Indian Liquors,MCDOWELL NO1 WHISKY 42.8%,375ML,24,510.0,690,1380,21.25,30,60
Indian Liquors,MCDOWELL NO1 WHISKY 42.8%,750ML,12,510.0,690,1380,42.5,60,110
Indian Liquors,MCDOWELL PLATINUM WHISKY 42.8%,180ML,48,580.0,780,1570,12.08,20,30
Indian Liquors,MCDOWELL PLATINUM,375ML,24,580.0,780,1570,24.17,30,70
Indian Liquors,MC DOWELL PLATINUM WHISKY 42.8%,750ML,12,585.0,790,1580,48.75,70,130
Indian Liquors,MCDOWELL SIGNATURE WHISKY 42.8%,180ML,48,605.0,820,1630,12.6,20,30
Indian Liquors,MCDOWELL SIGNATURE WHISKY 42.8%,375ML,24,605.0,820,1630,25.21,30,70
Indian Liquors,MCDOWELL SIGNATURE WHISKY 42.8%,750ML,12,605.0,820,1630,50.42,70,140
Indian Liquors,MCDOWELLS VINTAGE WHISKY 42.8%,750ML,12,505.0,680,1360,42.08,60,110
Indian Liquors,MCDOWELL VSOP BRANDY 42.8%,180ML,48,560.0,760,1510,11.67,20,30
Indian Liquors,MCDOWELL VSOP BRANDY 42.8%,375ML,24,560.0,760,1510,23.33,30,60
Indian Liquors,MCDOWELL VSOP BRANDY 42.8%,750ML,12,560.0,760,1510,46.67,60,130
Indian Liquors,MORPHEUS AGED PREMIUM 42.8%,180ML,48,640.0,860,1730,13.33,20,40
Indian Liquors,MORPHEUS AGED PREMIUM 42.8%,375ML,24,640.0,860,1730,26.67,40,70
Indian Liquors,MORPHEUS AGED PREMIUM 42.8%,750ML,12,640.0,860,1730,53.33,70,140
Indian Liquors,OFFICER CHOICE BLACK 40%,180ML,48,530.0,720,1430,11.04,10,30
Indian Liquors,OFFICER CHOICE BLACK 40%,375ML,24,530.0,720,1430,22.08,30,60
Indian Liquors,OFFICER CHOICE BLACK 40%,750ML,12,530.0,720,1430,44.17,60,120
Indian Liquors,OFFICER CHOICE BLUE 40%,180ML,48,510.0,690,1380,10.62,10,30
Indian Liquors,OFFICER CHOICE BLUE 40%,375ML,24,510.0,690,1380,21.25,30,60
Indian Liquors,OFFICER CHOICE BLUE 40%,750ML,12,510.0,690,1380,42.5,60,110
Indian Liquors,OLD CASK RUM 42.8%,750ML,12,510.0,690,1380,42.5,60,110
Indian Liquors,OLD MONK COFFEE RUM 40%,750ML,12,526.0,710,1420,43.83,60,120
Indian Liquors,OLD MONK COFFEE RUM 40%,375ML,24,526.0,710,1420,21.92,30,60
Indian Liquors,OLD MONK COFFEE RUM 40%,180ML,48,526.0,710,1420,10.96,10,30
Indian Liquors,OLD MONK RUM 40%,180ML,48,510.0,690,1380,10.62,10,30
Indian Liquors,OLD MONK RUM 40%,375ML,24,510.0,690,1380,21.25,30,60
Indian Liquors,OLD MONK RUM 40%,750ML,12,510.0,690,1380,42.5,60,110
Indian Liquors,ROYAL CHALLENGE 42.8%,180ML,48,510.0,690,1380,10.62,10,30
Indian Liquors,ROYAL CHALLENGE 42.8%,375ML,24,510.0,690,1380,21.25,30,60
Indian Liquors,ROYAL CHALLENGE 42.8%,750ML,12,510.0,690,1380,42.5,60,110
Indian Liquors,ROYAL GREEN CLASSIC BLENDED 42.8%,750ML,12,510.0,690,1380,42.5,60,110
Indian Liquors,ROYAL STAG 42.8%,180ML,48,545.0,740,1470,11.35,20,30
Indian Liquors,ROYAL STAG 42.8%,375ML,24,545.0,740,1470,22.71,30,60
Indian Liquors,ROYAL STAG 42.8%,750ML,12,545.0,740,1470,45.42,60,120
